name,math,science,computer,average
Ujan,78,85,90,84.33333333333333
Ram,65,70,75,70.0
Lasata,88,92,91,90.33333333333333
